[
  {
    "id": "30e7f1b2-2202-4907-8b1c-872771dc2138",
    "data": [
      {
        "text": "have you got any ",
        "userDefined": false
      },
      {
        "text": "experience",
        "meta": "@experience",
        "alias": "experience",
        "userDefined": true
      }
    ],
    "isTemplate": false,
    "count": 0,
    "lang": "en",
    "updated": 0
  },
  {
    "id": "3f8ced4f-250d-43ba-bcd3-d163f5718411",
    "data": [
      {
        "text": "can you please let me know about the ",
        "userDefined": false
      },
      {
        "text": "durations",
        "meta": "@Durations",
        "alias": "Durations",
        "userDefined": true
      },
      {
        "text": " of each internships",
        "userDefined": false
      }
    ],
    "isTemplate": false,
    "count": 0,
    "lang": "en",
    "updated": 0
  },
  {
    "id": "72db9d55-3d6e-46a5-9ba8-a5f25df27c73",
    "data": [
      {
        "text": "can you please let me know which  ",
        "userDefined": false
      },
      {
        "text": "languages",
        "meta": "@languages",
        "alias": "languages",
        "userDefined": true
      },
      {
        "text": "  are best to learn for doing internships",
        "userDefined": false
      }
    ],
    "isTemplate": false,
    "count": 0,
    "lang": "en",
    "updated": 0
  },
  {
    "id": "4a74e0cb-baa8-4605-b439-64e53e0b2011",
    "data": [
      {
        "text": "can you please forward me the complete details to this mobile number  ",
        "userDefined": false
      },
      {
        "text": "8080808080",
        "meta": "@sys.phone-number",
        "alias": "phone-number",
        "userDefined": true
      }
    ],
    "isTemplate": false,
    "count": 0,
    "lang": "en",
    "updated": 0
  },
  {
    "id": "f2916d40-fbfa-411a-956f-c9ceb37ab22d",
    "data": [
      {
        "text": "can you please forward me the complete details to the mail id ",
        "userDefined": false
      },
      {
        "text": "bhargavaniketh2626@gmail.com",
        "meta": "@sys.email",
        "alias": "email",
        "userDefined": true
      }
    ],
    "isTemplate": false,
    "count": 0,
    "lang": "en",
    "updated": 0
  },
  {
    "id": "7b858eb2-9f6d-40b4-bd93-a3c7b768fb58",
    "data": [
      {
        "text": "I want to know about the internship programs you provide",
        "userDefined": false
      }
    ],
    "isTemplate": false,
    "count": 0,
    "lang": "en",
    "updated": 0
  },
  {
    "id": "5231bbc5-8a2e-4f9d-9b95-496fb331f7a9",
    "data": [
      {
        "text": "please tell me about the interns",
        "userDefined": false
      }
    ],
    "isTemplate": false,
    "count": 0,
    "lang": "en",
    "updated": 0
  }
]