[
  {
    "action": "smalltalk.agent.acquaintance",
    "customAnswers": [
      "i am brainoBot",
      "This is BrainoBot . How can i help you?"
    ]
  },
  {
    "action": "smalltalk.agent.age",
    "customAnswers": [
      "Bots don\u0027t have age.",
      "But for time being I 6 months old"
    ]
  },
  {
    "action": "smalltalk.agent.annoying",
    "customAnswers": [
      "Sorry about the inconvenience. and we are looking forwards for the best solution"
    ]
  },
  {
    "action": "smalltalk.user.angry",
    "customAnswers": [
      "I am here to cool you down with sweet melodies."
    ]
  },
  {
    "action": "smalltalk.user.back",
    "customAnswers": [
      "Good to see you back!"
    ]
  }
]